{
  "project_info": {
    "project_number": "384028417127",
    "project_id": "sosproject-38b34",
    "storage_bucket": "sosproject-38b34.appspot.com"
  },
  "client": [
    {
      "client_info": {
        "mobilesdk_app_id": "1:384028417127:android:79a96e9af3132e6cdf08c2",
        "android_client_info": {
          "package_name": "com.raghav.sos"
        }
      },
      "oauth_client": [
        {
          "client_id": "384028417127-os67t8her42eh32f439b68ffidh2g73a.apps.googleusercontent.com",
          "client_type": 1,
          "android_info": {
            "package_name": "com.raghav.sos",
            "certificate_hash": "31f5a6f69a6b0d5d9690697318dd474c27255db1"
          }
        },
        {
          "client_id": "384028417127-7om1f5ig0jc9f7ai0p22j7ei02s309uh.apps.googleusercontent.com",
          "client_type": 3
        }
      ],
      "api_key": [
        {
          "current_key": "AIzaSyAfU6UsuyRRm09M1IYpWc_ahEKmQZFzLOY"
        }
      ],
      "services": {
        "appinvite_service": {
          "other_platform_oauth_client": [
            {
              "client_id": "384028417127-7om1f5ig0jc9f7ai0p22j7ei02s309uh.apps.googleusercontent.com",
              "client_type": 3
            }
          ]
        }
      }
    }
  ],
  "configuration_version": "1"
}